longitude,latitude,temperature,pressure,elevation,u,v,lon2,lat2
-106.410,21.538,25.267,29.929,48.922,-0.149,0.847,-106.420,21.595
-103.846,21.538,20.654,30.124,1170.900,0.805,1.394,-103.793,21.631
-101.282,21.538,17.286,30.322,1822.091,0.557,2.853,-101.245,21.729
-98.718,21.538,20.282,30.218,744.877,3.600,1.236,-98.478,21.621
-96.154,21.538,,30.270,122.272,8.223,0.048,-95.606,21.542
-93.590,21.538,,30.198,76.253,9.988,0.542,-92.924,21.575
-91.026,21.538,,30.125,30.233,11.753,1.036,-90.242,21.608
-88.462,21.538,23.962,30.102,14.852,8.046,1.625,-87.925,21.647
-85.897,21.538,23.425,30.089,23.797,3.291,2.136,-85.678,21.681
-83.333,21.538,24.467,30.071,11.858,5.079,3.971,-82.995,21.803
-80.769,21.538,24.558,30.062,23.952,5.313,4.910,-80.415,21.866
-78.205,21.538,21.674,30.093,114.019,0.535,4.529,-78.169,21.840
-75.641,21.538,22.940,30.058,92.804,2.887,1.753,-75.449,21.655
-108.974,23.077,24.000,29.973,121.175,-1.876,2.461,-109.099,23.241
-106.410,23.077,24.066,29.905,16.378,-0.033,0.187,-106.412,23.089
-103.846,23.077,16.676,30.255,1714.554,-0.202,3.305,-103.860,23.297
-101.282,23.077,16.035,30.319,1821.488,0.402,2.385,-101.255,23.236
-98.718,23.077,21.891,30.123,303.992,0.794,-0.459,-98.665,23.046
-96.154,23.077,,30.232,110.622,10.531,-1.997,-95.452,22.944
-93.590,23.077,,30.159,64.603,12.296,-1.503,-92.770,22.977
-91.026,23.077,,30.114,23.071,10.016,1.120,-90.358,23.152
-88.462,23.077,24.274,30.119,24.781,6.398,-0.136,-88.035,23.068
-85.897,23.077,22.216,30.103,32.004,1.421,1.425,-85.803,23.172
-83.333,23.077,19.051,30.093,53.766,0.286,1.078,-83.314,23.149
-80.769,23.077,19.859,30.119,68.044,1.774,1.847,-80.651,23.200
-78.205,23.077,23.664,30.093,6.431,2.888,7.134,-78.013,23.553
-75.641,23.077,22.912,30.072,63.009,2.925,2.338,-75.446,23.233
-111.538,24.615,22.224,30.010,197.311,-1.312,4.006,-111.626,24.882
-108.974,24.615,23.959,29.954,47.007,-5.543,5.681,-109.344,24.994
-106.410,24.615,21.838,30.042,625.243,-0.697,1.507,-106.457,24.716
-103.846,24.615,15.997,30.281,1579.822,-0.582,4.495,-103.885,24.915
-101.282,24.615,17.434,30.305,1629.879,0.402,6.114,-101.255,25.023
-98.718,24.615,,30.098,168.922,2.102,-1.213,-98.578,24.534
-96.154,24.615,,30.113,45.725,9.257,-3.389,-95.537,24.389
-93.590,24.615,,30.121,52.953,14.604,-3.548,-92.616,24.379
-91.026,24.615,23.163,30.130,25.275,5.345,2.811,-90.669,24.803
-88.462,24.615,24.136,30.134,32.803,4.330,-1.351,-88.173,24.525
-85.897,24.615,21.007,30.117,40.212,-0.449,0.713,-85.927,24.663
-83.333,24.615,18.077,30.112,46.596,-0.478,1.310,-83.365,24.703
-80.769,24.615,20.803,30.116,12.717,-0.012,4.439,-80.770,24.911
-78.205,24.615,22.415,30.103,4.611,3.155,6.010,-77.995,25.016
-75.641,24.615,22.884,30.085,33.214,2.963,2.923,-75.443,24.810
-73.077,24.615,22.710,30.056,61.512,2.225,-1.258,-72.929,24.532
-111.538,26.154,22.708,29.962,8.387,-0.144,0.101,-111.548,26.161
-108.974,26.154,22.556,29.966,108.466,-7.226,8.527,-109.456,26.722
-106.410,26.154,23.395,30.042,614.251,-0.917,-0.543,-106.471,26.118
-103.846,26.154,19.338,30.217,1161.908,0.183,3.420,-103.834,26.382
-101.282,26.154,18.719,30.246,1166.607,1.605,6.013,-101.175,26.555
-98.718,26.154,22.585,30.098,111.328,5.224,-3.062,-98.370,25.950
-96.154,26.154,,30.110,34.025,9.963,-4.099,-95.490,25.881
-93.590,26.154,,30.130,48.445,9.934,-1.980,-92.928,26.022
-91.026,26.154,23.535,30.147,33.790,2.108,3.833,-90.885,26.409
-88.462,26.154,22.939,30.145,36.335,1.272,-1.278,-88.377,26.069
-85.897,26.154,19.798,30.131,48.419,-2.319,0.001,-86.052,26.154
-83.333,26.154,17.321,30.135,25.121,-0.214,2.419,-83.348,26.315
-80.769,26.154,18.126,30.130,5.299,0.062,0.074,-80.765,26.159
-78.205,26.154,21.653,30.113,3.112,0.012,5.042,-78.204,26.490
-75.641,26.154,22.811,30.096,4.850,2.891,3.421,-75.448,26.382
-73.077,26.154,22.682,30.070,31.717,2.263,-0.673,-72.926,26.109
-114.103,27.692,18.661,30.030,117.107,-2.268,3.144,-114.254,27.902
-111.538,27.692,23.402,29.946,10.397,0.000,0.000,-111.538,27.692
-108.974,27.692,21.000,29.999,344.459,-0.720,1.476,-109.022,27.791
-106.410,27.692,22.230,30.123,1002.603,-2.625,-2.518,-106.585,27.524
-103.846,27.692,19.072,30.173,999.890,1.040,3.765,-103.777,27.943
-101.282,27.692,20.193,30.132,602.545,5.398,2.050,-100.922,27.829
-98.718,27.692,20.271,30.114,164.786,1.627,-1.466,-98.609,27.595
-96.154,27.692,21.748,30.126,14.866,5.088,-3.513,-95.815,27.458
-91.026,27.692,23.018,,47.152,2.424,0.092,-90.864,27.698
-88.462,27.692,21.741,30.157,39.866,-1.785,-1.204,-88.581,27.612
-85.897,27.692,19.036,30.154,27.296,-2.080,1.089,-86.036,27.765
-83.333,27.692,16.428,30.133,8.388,-0.381,-0.067,-83.359,27.688
-80.769,27.692,11.883,30.153,8.829,0.000,0.000,-80.769,27.692
-78.205,27.692,20.567,30.092,2.433,-2.658,3.579,-78.382,27.931
-75.641,27.692,21.859,30.067,4.706,0.647,2.207,-75.598,27.839
-73.077,27.692,22.569,30.079,4.643,2.092,-0.253,-72.937,27.675
-70.513,27.692,22.480,30.054,30.220,1.563,-4.269,-70.409,27.408
-114.103,29.231,18.171,30.031,74.545,-2.889,0.000,-114.295,29.231
-111.538,29.231,21.898,29.992,120.801,-1.852,0.000,-111.662,29.231
-108.974,29.231,20.413,30.097,693.372,-2.808,-1.875,-109.162,29.106
-106.410,29.231,20.045,30.190,1300.559,-2.741,-4.003,-106.593,28.964
-103.846,29.231,19.254,30.137,883.310,1.740,2.547,-103.730,29.401
-101.282,29.231,22.978,30.077,418.237,6.979,-0.766,-100.817,29.180
-98.718,29.231,19.114,30.124,198.702,0.788,-0.939,-98.665,29.168
-96.154,29.231,17.954,30.130,28.097,2.548,-4.340,-95.984,28.941
-91.026,29.231,17.434,30.172,10.717,0.388,-1.337,-91.000,29.142
-88.462,29.231,19.913,30.178,31.436,-7.340,-1.558,-88.951,29.127
-85.897,29.231,16.425,30.139,15.391,-1.170,-0.206,-85.975,29.217
-83.333,29.231,11.838,30.149,13.102,0.000,0.000,-83.333,29.231
-80.769,29.231,11.639,30.124,3.024,-0.412,-0.345,-80.797,29.208
-78.205,29.231,19.081,30.072,2.576,-3.610,1.975,-78.446,29.362
-75.641,29.231,20.907,30.037,4.562,-1.597,0.992,-75.748,29.297
-73.077,29.231,21.617,30.049,4.499,-0.152,-1.467,-73.087,29.133
-70.513,29.231,22.327,30.062,4.437,1.293,-3.927,-70.427,28.969
-67.949,29.231,22.279,30.039,28.723,0.863,-7.864,-67.891,28.706
-116.667,30.769,15.887,30.045,105.454,-3.711,1.366,-116.914,30.860
-114.103,30.769,22.312,29.973,16.364,0.000,0.000,-114.103,30.769
-111.538,30.769,19.541,30.034,418.153,-1.226,-1.000,-111.620,30.703
-108.974,30.769,17.460,30.112,855.150,-1.403,-3.436,-109.068,30.540
-106.410,30.769,17.417,30.174,1254.806,-1.016,-1.822,-106.478,30.648
-103.846,30.769,16.165,30.172,1210.649,1.371,-3.875,-103.755,30.511
-101.282,30.769,19.783,30.128,735.227,-1.736,-6.361,-101.398,30.345
-98.718,30.769,16.218,,355.552,0.000,-0.256,-98.718,30.752
-96.154,30.769,18.900,30.118,105.507,0.000,0.000,-96.154,30.769
-93.590,30.769,15.200,30.138,52.948,0.000,0.000,-93.590,30.769
-91.026,30.769,14.281,30.145,48.895,0.000,0.000,-91.026,30.769
-88.462,30.769,14.099,30.148,56.957,0.000,0.000,-88.462,30.769
-85.897,30.769,13.573,30.145,57.904,0.000,0.000,-85.897,30.769
-83.333,30.769,10.654,30.131,58.915,0.000,0.000,-83.333,30.769
-80.769,30.769,13.906,30.108,3.088,-2.527,-2.890,-80.938,30.577
-78.205,30.769,17.476,30.049,3.830,-4.696,-0.047,-78.518,30.766
-75.641,30.769,19.955,30.007,4.418,-3.841,-0.222,-75.897,30.754
-73.077,30.769,20.665,30.019,4.355,-2.397,-2.681,-73.237,30.590
-70.513,30.769,21.375,30.032,4.293,-0.952,-5.141,-70.576,30.426
-67.949,30.769,22.085,30.045,4.230,0.493,-7.601,-67.916,30.262
-119.231,32.308,14.557,30.042,159.572,-3.434,5.790,-119.460,32.694
-116.667,32.308,13.902,30.096,136.978,-5.422,0.000,-117.028,32.308
-114.103,32.308,21.060,29.993,100.906,-0.923,-2.811,-114.164,32.120
-111.538,32.308,20.017,30.038,629.281,-3.362,0.094,-111.763,32.314
-108.974,32.308,10.771,30.194,1515.037,-1.860,2.640,-109.098,32.484
-106.410,32.308,13.430,30.159,1251.767,0.421,-1.302,-106.382,32.221
-103.846,32.308,15.880,30.085,994.999,-6.435,-3.996,-104.275,32.041
-101.282,32.308,17.673,30.069,766.662,3.204,-6.200,-101.068,31.894
-98.718,32.308,17.003,30.055,442.509,1.271,-4.628,-98.633,31.999
-96.154,32.308,16.416,30.074,138.997,0.930,-3.392,-96.092,32.082
-93.590,32.308,16.029,30.132,89.187,1.215,-1.607,-93.509,32.201
-91.026,32.308,14.684,30.120,27.837,0.070,-0.122,-91.021,32.300
-85.897,32.308,11.563,30.116,148.760,-0.343,0.000,-85.920,32.308
-83.333,32.308,13.385,30.104,107.429,-3.313,-1.206,-83.554,32.227
-80.769,32.308,13.916,,7.211,-3.124,-3.074,-80.978,32.103
-78.205,32.308,15.871,30.026,5.084,-5.781,-2.070,-78.591,32.170
-75.641,32.308,19.003,29.977,4.274,-6.086,-1.436,-76.047,32.212
-73.077,32.308,19.713,29.990,4.211,-4.641,-3.896,-73.386,32.048
-70.513,32.308,20.423,30.002,4.149,-3.196,-6.355,-70.726,31.884
-67.949,32.308,21.133,30.015,4.086,-1.751,-8.815,-68.065,31.720
-65.385,32.308,21.843,30.027,4.023,-0.306,-11.275,-65.405,31.556
-119.231,33.846,11.239,30.095,52.367,-3.945,1.436,-119.494,33.942
-116.667,33.846,18.873,30.062,415.946,-2.577,-1.488,-116.838,33.747
-114.103,33.846,19.786,30.001,201.029,1.648,2.163,-113.993,33.990
-111.538,33.846,17.257,30.101,972.144,1.241,0.717,-111.456,33.894
-108.974,33.846,6.513,30.277,2017.298,-4.142,-4.741,-109.251,33.530
-106.410,33.846,10.924,30.203,1679.019,-4.317,-7.915,-106.698,33.318
-103.846,33.846,13.035,30.077,1210.341,-6.708,-1.324,-104.293,33.758
-101.282,33.846,15.823,30.040,853.915,-1.093,-5.084,-101.355,33.507
-98.718,33.846,16.635,30.013,332.389,1.392,-3.938,-98.625,33.584
-96.154,33.846,15.362,30.055,195.685,1.127,-5.198,-96.079,33.500
-93.590,33.846,15.024,30.074,109.315,0.000,-2.452,-93.590,33.683
-88.462,33.846,9.210,30.117,70.246,-0.028,-0.076,-88.463,33.841
-85.897,33.846,8.802,30.106,195.969,0.000,0.000,-85.897,33.846
-83.333,33.846,14.639,30.072,242.309,-2.482,0.034,-83.499,33.848
-80.769,33.846,12.801,30.007,72.383,-3.128,-2.233,-80.978,33.697
-78.205,33.846,14.451,30.004,5.776,-6.415,-3.697,-78.633,33.600
-75.641,33.846,18.051,29.947,4.130,-8.330,-2.650,-76.196,33.669
-73.077,33.846,18.761,29.960,4.067,-6.885,-5.110,-73.536,33.506
-70.513,33.846,19.471,29.972,4.005,-5.440,-7.569,-70.875,33.342
-67.949,33.846,19.997,29.961,4.666,-3.467,-9.834,-68.180,33.191
-65.385,33.846,20.501,29.952,6.111,-1.415,-11.942,-65.479,33.050
-121.795,35.385,10.604,30.083,142.477,-4.966,3.588,-122.126,35.624
-119.231,35.385,14.514,30.051,142.808,0.921,1.211,-119.169,35.465
-116.667,35.385,14.781,30.089,730.283,0.225,2.732,-116.652,35.567
-114.103,35.385,11.299,30.122,972.229,1.534,-1.242,-114.000,35.302
-111.538,35.385,5.243,30.256,1945.117,-0.294,0.107,-111.558,35.392
-108.974,35.385,3.491,30.246,1956.730,1.170,0.838,-108.896,35.440
-106.410,35.385,7.942,30.198,1836.161,-1.704,-2.510,-106.524,35.217
-103.846,35.385,10.464,30.032,1391.834,-4.691,-3.422,-104.159,35.157
-101.282,35.385,10.703,30.024,1019.360,-0.500,-7.725,-101.315,34.870
-98.718,35.385,13.646,29.999,478.034,-1.665,-6.760,-98.829,34.934
-96.154,35.385,16.251,30.013,247.725,0.226,-1.870,-96.139,35.260
-93.590,35.385,10.569,30.043,161.544,0.000,0.000,-93.590,35.385
-88.462,35.385,11.690,30.064,138.351,0.282,-3.096,-88.443,35.178
-85.897,35.385,10.828,30.070,292.825,-1.080,-1.287,-85.969,35.299
-83.333,35.385,10.351,30.088,677.612,-0.947,0.816,-83.396,35.439
-80.769,35.385,16.615,29.976,210.403,-5.981,-3.453,-81.168,35.154
-78.205,35.385,14.712,29.926,38.161,-2.158,-3.227,-78.349,35.169
-75.641,35.385,16.695,29.911,3.744,-10.275,-3.805,-76.326,35.131
-73.077,35.385,17.566,29.898,4.877,-8.433,-6.066,-73.639,34.980
-70.513,35.385,18.078,29.884,5.595,-6.418,-8.316,-70.941,34.830
-67.949,35.385,18.590,29.871,6.313,-4.404,-10.565,-68.242,34.680
-65.385,35.385,19.054,29.888,11.308,-2.171,-11.985,-65.529,34.586
-62.821,35.385,18.812,,4.000,1.041,-13.441,-62.751,34.489
-124.359,36.923,11.006,30.029,132.587,-3.285,9.744,-124.578,37.573
-121.795,36.923,12.304,30.087,45.870,-1.792,1.818,-121.914,37.044
-119.231,36.923,11.469,30.142,922.450,-2.333,0.973,-119.386,36.988
-116.667,36.923,9.587,30.134,1150.177,0.226,2.565,-116.652,37.094
-114.103,36.923,12.223,30.118,903.334,1.027,-1.258,-114.034,36.839
-111.538,36.923,8.484,30.176,1326.440,0.370,0.135,-111.514,36.932
-108.974,36.923,2.201,30.254,1864.656,3.453,2.763,-108.744,37.107
-106.410,36.923,2.690,30.279,2363.940,-0.735,-0.268,-106.459,36.905
-103.846,36.923,9.754,30.059,1657.557,-8.320,0.636,-104.401,36.965
-101.282,36.923,8.220,29.986,925.845,-2.625,-4.208,-101.457,36.643
-98.718,36.923,12.244,29.960,484.148,0.000,-7.644,-98.718,36.414
-96.154,36.923,9.191,29.987,240.861,0.239,-1.026,-96.138,36.855
-93.590,36.923,16.081,30.018,392.386,-2.550,-6.337,-93.760,36.501
-91.026,36.923,11.637,30.025,239.403,0.000,0.000,-91.026,36.923
-85.897,36.923,9.840,30.052,225.881,-0.037,-0.014,-85.900,36.922
-83.333,36.923,15.089,30.040,469.829,-5.938,-1.199,-83.729,36.843
-80.769,36.923,14.130,29.936,745.394,-13.017,2.340,-81.637,37.079
-78.205,36.923,14.865,29.844,156.925,-4.363,-5.195,-78.496,36.577
-75.641,36.923,15.783,29.799,6.822,-7.120,-5.903,-76.116,36.530
-73.077,36.923,16.159,29.808,6.525,-9.370,-6.797,-73.702,36.470
-70.513,36.923,16.670,29.794,7.243,-7.355,-9.047,-71.003,36.320
-67.949,36.923,17.182,29.781,7.960,-5.341,-11.296,-68.305,36.170
-65.385,36.923,17.606,29.823,16.505,-2.926,-12.029,-65.580,36.121
-62.821,36.923,17.659,,4.000,1.506,-15.780,-62.720,35.871
-124.359,38.462,9.775,30.080,61.201,1.596,3.488,-124.253,38.694
-121.795,38.462,12.309,30.059,15.966,0.000,0.000,-121.795,38.462
-119.231,38.462,4.966,30.241,1896.255,0.952,1.106,-119.167,38.535
-116.667,38.462,3.323,30.207,1702.729,-0.398,1.701,-116.693,38.575
-114.103,38.462,4.503,30.200,1690.586,1.216,-4.675,-114.022,38.150
-111.538,38.462,0.740,30.239,1814.718,-0.738,-1.278,-111.588,38.376
-108.974,38.462,3.984,30.231,1599.707,3.081,2.566,-108.769,38.633
-106.410,38.462,1.901,30.465,3335.239,-10.749,-3.056,-107.127,38.258
-103.846,38.462,7.295,30.040,1544.886,2.467,0.766,-103.682,38.513
-101.282,38.462,9.047,29.971,970.689,-2.514,-3.896,-101.450,38.202
-98.718,38.462,11.674,29.929,559.334,-1.724,-7.373,-98.833,37.970
-96.154,38.462,11.545,29.938,356.169,-0.838,-6.788,-96.210,38.009
-93.590,38.462,10.047,29.961,255.845,1.610,-1.224,-93.482,38.380
-91.026,38.462,10.271,30.004,178.340,0.506,0.000,-90.992,38.462
-88.462,38.462,8.008,30.044,134.978,-0.681,-0.571,-88.507,38.423
-85.897,38.462,8.438,30.032,162.613,0.000,0.000,-85.897,38.462
-83.333,38.462,13.352,30.006,266.874,-3.636,2.120,-83.576,38.603
-80.769,38.462,13.691,29.918,567.756,-9.374,3.412,-81.394,38.689
-78.205,38.462,13.903,29.765,184.539,-5.939,-1.513,-78.601,38.361
-75.641,38.462,17.117,29.732,11.368,-7.609,-5.851,-76.148,38.071
-73.077,38.462,13.955,29.705,6.620,-6.945,-8.155,-73.540,37.918
-70.513,38.462,15.263,29.705,8.890,-8.292,-9.777,-71.066,37.810
-67.949,38.462,15.756,29.703,11.238,-6.194,-11.711,-68.362,37.681
-65.385,38.462,16.157,,20.615,-3.704,-12.225,-65.632,37.647
-62.821,38.462,16.210,,4.000,0.676,-16.595,-62.775,37.355
-60.256,38.462,15.226,,4.000,2.151,-13.787,-60.113,37.542
-126.923,40.000,7.098,30.069,113.717,-4.611,7.532,-127.230,40.502
-124.359,40.000,9.618,30.118,69.918,-0.517,-1.114,-124.393,39.926
-121.795,40.000,11.792,30.108,411.062,0.000,2.471,-121.795,40.165
-119.231,40.000,,30.200,1299.513,-2.369,0.545,-119.389,40.036
-116.667,40.000,-0.222,30.224,1664.235,-0.008,0.045,-116.667,40.003
-114.103,40.000,2.699,30.213,1541.240,1.322,-2.211,-114.014,39.853
-111.538,40.000,2.922,30.210,1462.833,-0.789,-1.761,-111.591,39.883
-108.974,40.000,0.188,30.197,1579.305,-0.511,0.090,-109.008,40.006
-106.410,40.000,-0.604,30.291,2273.627,0.160,-0.087,-106.400,39.994
-103.846,40.000,11.978,30.027,1542.745,-4.470,-5.923,-104.144,39.605
-101.282,40.000,12.388,29.963,940.392,-6.090,-4.427,-101.688,39.705
-98.718,40.000,11.290,29.897,561.856,1.896,-5.176,-98.592,39.655
-96.154,40.000,11.425,29.915,351.085,0.858,-4.260,-96.097,39.716
-93.590,40.000,10.798,29.977,265.049,1.576,0.272,-93.485,40.018
-91.026,40.000,7.435,30.020,225.457,1.830,0.000,-90.904,40.000
-88.462,40.000,7.026,30.023,223.009,-1.231,6.618,-88.544,40.441
-85.897,40.000,6.105,30.030,272.329,-3.297,2.546,-86.117,40.170
-83.333,40.000,5.925,29.994,303.862,-1.732,4.760,-83.449,40.317
-80.769,40.000,10.489,29.886,344.524,-6.682,9.684,-81.215,40.646
-78.205,40.000,12.070,29.754,323.875,-17.878,7.031,-79.397,40.469
-75.641,40.000,13.291,29.673,149.664,-11.621,1.507,-76.416,40.100
-73.077,40.000,14.036,29.601,7.233,-10.028,-4.835,-73.745,39.678
-70.513,40.000,13.855,29.615,10.538,-9.229,-10.508,-71.128,39.299
-67.949,40.000,14.309,29.638,16.435,-6.950,-11.754,-68.412,39.216
-65.385,40.000,14.699,,20.646,-4.566,-12.995,-65.689,39.134
-62.821,40.000,14.752,,4.000,-0.188,-17.370,-62.833,38.842
-60.256,40.000,14.073,,4.000,2.616,-16.126,-60.082,38.925
-129.487,41.538,7.455,30.016,105.602,-3.136,13.698,-129.696,42.452
-126.923,41.538,8.339,30.093,29.427,-1.267,0.657,-127.008,41.582
-124.359,41.538,9.817,,68.785,-0.340,2.194,-124.382,41.685
-121.795,41.538,4.161,30.195,1224.973,0.000,0.000,-121.795,41.538
-119.231,41.538,3.471,30.200,1374.064,3.589,0.194,-118.991,41.551
-116.667,41.538,6.160,30.184,1413.141,1.821,-3.107,-116.545,41.331
-114.103,41.538,5.272,30.188,1279.845,-2.118,-2.280,-114.244,41.386
-111.538,41.538,3.436,30.215,1684.587,-1.133,-3.055,-111.614,41.335
-108.974,41.538,8.705,30.184,2048.096,-9.512,-3.631,-109.608,41.296
-103.846,41.538,14.174,30.010,1522.286,-11.572,-0.836,-104.618,41.483
-101.282,41.538,10.974,29.903,951.146,-1.421,0.862,-101.377,41.596
-98.718,41.538,6.454,29.854,605.710,-0.925,-3.155,-98.780,41.328
-96.154,41.538,9.431,29.898,369.308,5.564,-1.241,-95.783,41.456
-93.590,41.538,8.702,29.984,281.696,4.334,-1.028,-93.301,41.470
-91.026,41.538,3.711,30.015,190.868,-0.512,0.430,-91.060,41.567
-88.462,41.538,3.503,30.017,190.659,-3.076,3.867,-88.667,41.796
-85.897,41.538,1.393,30.001,247.552,-2.066,-1.734,-86.035,41.423
-83.333,41.538,6.486,29.968,188.490,-7.635,5.111,-83.842,41.879
-80.769,41.538,6.079,29.879,314.468,-7.413,5.216,-81.263,41.886
-78.205,41.538,3.881,29.765,584.358,-4.963,3.447,-78.536,41.768
-75.641,41.538,6.542,29.645,343.139,-9.771,9.050,-76.292,42.142
-73.077,41.538,10.739,29.499,193.369,-7.465,-6.819,-73.575,41.084
-70.513,41.538,12.413,29.515,21.988,-10.654,-11.041,-71.223,40.802
-67.949,41.538,12.862,29.574,21.632,-7.705,-11.797,-68.462,40.752
-65.385,41.538,13.241,,20.677,-5.428,-13.766,-65.746,40.621
-62.821,41.538,13.294,,4.000,-1.052,-18.144,-62.891,40.329
-60.256,41.538,12.920,,4.000,3.080,-18.464,-60.051,40.308
-57.692,41.538,11.639,,4.000,3.261,-14.133,-57.475,40.596
-129.487,43.077,6.470,30.066,39.039,1.338,8.074,-129.398,43.615
-126.923,43.077,8.072,,103.740,1.202,0.288,-126.843,43.096
-124.359,43.077,10.704,,5.421,1.594,6.501,-124.253,43.510
-121.795,43.077,3.002,30.236,1100.588,0.000,0.000,-121.795,43.077
-119.231,43.077,4.371,30.186,1309.769,-0.053,1.529,-119.234,43.179
-116.667,43.077,6.097,30.169,963.140,-0.504,-0.173,-116.700,43.065
-114.103,43.077,6.064,30.168,1451.958,-3.975,-0.286,-114.368,43.058
-111.538,43.077,2.443,30.180,1629.715,-2.038,-3.530,-111.674,42.842
-108.974,43.077,9.701,30.046,1828.894,-0.291,4.237,-108.994,43.359
-106.410,43.077,9.388,30.009,1594.838,-4.843,-7.848,-106.733,42.554
-103.846,43.077,12.452,29.958,1525.774,-3.808,1.098,-104.100,43.150
-101.282,43.077,7.286,29.865,861.676,-2.542,2.608,-101.451,43.251
-98.718,43.077,6.640,29.858,545.527,4.665,-4.369,-98.407,42.786
-96.154,43.077,5.066,29.915,430.633,8.325,-1.602,-95.599,42.970
-93.590,43.077,5.278,29.978,361.370,1.249,1.489,-93.506,43.176
-91.026,43.077,5.826,29.994,212.830,0.000,0.000,-91.026,43.077
-88.462,43.077,1.433,29.996,280.259,0.000,0.000,-88.462,43.077
-85.897,43.077,4.771,29.981,216.350,-0.028,4.442,-85.899,43.373
-83.333,43.077,1.776,29.951,249.142,-4.768,4.105,-83.651,43.351
-80.769,43.077,1.600,,270.889,-7.567,7.962,-81.274,43.608
-78.205,43.077,3.023,,264.710,-15.441,13.111,-79.235,43.951
-75.641,43.077,5.287,29.593,203.224,-12.166,2.533,-76.452,43.246
-73.077,43.077,6.088,29.498,213.646,-10.824,-1.633,-73.799,42.968
-70.513,43.077,10.572,29.434,20.519,-5.496,-7.223,-70.879,42.595
-67.949,43.077,10.490,29.506,26.521,-5.945,-8.346,-68.345,42.520
-65.385,43.077,11.784,,20.708,-6.289,-14.536,-65.804,42.108
-62.821,43.077,11.837,,4.000,-1.916,-18.919,-62.948,41.816
-60.256,43.077,11.767,,4.000,3.545,-20.802,-60.020,41.690
-57.692,43.077,10.486,,4.000,3.725,-16.472,-57.444,41.979
-132.051,44.615,3.592,30.056,84.956,-4.255,11.477,-132.335,45.380
-129.487,44.615,5.421,30.109,88.456,-1.009,5.276,-129.554,44.967
-126.923,44.615,7.597,,83.897,-3.522,-2.983,-127.158,44.416
-124.359,44.615,6.986,,18.243,0.376,1.293,-124.334,44.702
-121.795,44.615,5.538,30.273,677.324,1.308,1.559,-121.708,44.719
-119.231,44.615,6.674,30.212,958.754,-3.247,-1.141,-119.447,44.539
-116.667,44.615,2.214,30.177,1178.669,-1.653,-0.276,-116.777,44.597
-114.103,44.615,11.301,30.095,1507.280,-7.400,-4.977,-114.596,44.284
-111.538,44.615,6.079,30.135,1673.396,3.955,-10.064,-111.275,43.944
-108.974,44.615,10.016,29.999,1547.754,-1.410,-4.406,-109.068,44.322
-106.410,44.615,8.890,30.025,1253.004,-3.860,2.674,-106.668,44.794
-103.846,44.615,8.912,30.013,1174.104,-3.558,2.296,-104.083,44.768
-101.282,44.615,3.688,29.909,666.484,0.951,2.258,-101.219,44.766
-98.718,44.615,4.843,29.897,438.271,4.522,-0.116,-98.416,44.608
-96.154,44.615,4.863,29.934,370.998,2.486,-7.068,-95.988,44.144
-93.590,44.615,4.926,29.980,288.722,0.000,0.000,-93.590,44.615
-91.026,44.615,1.632,29.988,288.287,0.000,0.000,-91.026,44.615
-88.462,44.615,1.621,29.994,242.075,-0.234,2.091,-88.477,44.755
-85.897,44.615,2.029,29.982,188.137,-1.483,5.870,-85.996,45.007
-83.333,44.615,0.788,29.924,191.758,-3.528,6.295,-83.569,45.035
-80.769,44.615,0.757,,218.735,-6.425,10.657,-81.198,45.326
-78.205,44.615,-0.187,,254.426,-10.684,10.300,-78.917,45.302
-75.641,44.615,3.353,,84.735,-6.626,4.237,-76.083,44.898
-73.077,44.615,6.381,29.434,105.321,-8.904,-1.078,-73.671,44.544
-70.513,44.615,3.708,29.364,253.747,-2.589,-1.978,-70.685,44.484
-67.949,44.615,9.197,,21.135,-4.574,-6.101,-68.254,44.209
-65.385,44.615,10.478,,134.903,-4.677,-8.361,-65.696,44.058
-62.821,44.615,10.607,,14.377,-2.495,-17.921,-62.987,43.421
-60.256,44.615,10.754,,12.745,5.068,-20.624,-59.919,43.240
-57.692,44.615,9.334,,4.000,4.190,-18.810,-57.413,43.361
-55.128,44.615,8.053,,4.000,4.371,-14.479,-54.837,43.650
-132.051,46.154,4.142,30.084,47.965,-1.759,7.047,-132.169,46.624
-129.487,46.154,6.987,,80.883,-0.019,-1.058,-129.488,46.083
-126.923,46.154,8.544,,37.199,-8.051,3.465,-127.460,46.385
-124.359,46.154,5.140,,47.464,1.157,3.283,-124.282,46.373
-121.795,46.154,7.669,30.292,176.419,-4.034,2.330,-122.064,46.309
-119.231,46.154,9.424,30.213,141.011,-2.024,-0.693,-119.366,46.108
-116.667,46.154,8.222,30.171,683.088,-2.173,0.383,-116.812,46.179
-114.103,46.154,10.525,30.087,1123.639,2.847,-3.694,-113.913,45.908
-111.538,46.154,6.679,30.013,1223.015,-2.862,-0.854,-111.729,46.097
-103.846,46.154,8.946,29.919,925.916,-10.192,7.142,-104.526,46.630
-101.282,46.154,3.146,29.868,657.605,0.000,-6.381,-101.282,45.728
-98.718,46.154,3.254,29.916,436.572,4.204,0.505,-98.438,46.188
-96.154,46.154,1.003,29.959,357.788,0.000,0.000,-96.154,46.154
-93.590,46.154,0.261,29.980,337.828,0.000,0.000,-93.590,46.154
-91.026,46.154,-0.502,29.997,304.632,0.934,2.567,-90.963,46.325
-88.462,46.154,-0.579,29.970,383.249,-0.871,4.855,-88.520,46.478
-85.897,46.154,-1.188,,227.028,-3.550,5.615,-86.134,46.528
-83.333,46.154,-1.974,,202.373,-1.022,7.744,-83.401,46.670
-78.205,46.154,-2.205,,205.130,-8.308,8.380,-78.759,46.713
-73.077,46.154,3.371,,46.127,-5.951,-4.293,-73.474,45.868
-70.513,46.154,2.870,,261.866,0.150,-2.068,-70.503,46.016
-67.949,46.154,5.787,29.324,145.718,-1.965,-5.399,-68.080,45.794
-65.385,46.154,6.809,29.400,59.084,2.885,-6.722,-65.192,45.706
-60.256,46.154,9.992,,47.339,8.605,-17.938,-59.683,44.958
-57.692,46.154,8.596,,44.438,9.897,-18.455,-57.033,44.924
-55.128,46.154,7.000,,14.265,6.399,-16.305,-54.702,45.067
-134.615,47.692,2.863,30.059,7.474,-2.509,8.818,-134.783,48.280
-132.051,47.692,6.376,,77.870,3.483,0.868,-131.819,47.750
-129.487,47.692,6.511,,61.040,-4.743,-4.329,-129.803,47.404
-126.923,47.692,6.823,,53.839,0.082,7.836,-126.918,48.215
-124.359,47.692,3.755,30.358,45.024,-1.143,1.362,-124.435,47.783
-121.795,47.692,2.653,30.292,621.106,-1.093,3.794,-121.868,47.945
-119.231,47.692,5.841,30.161,407.992,-4.841,-3.311,-119.554,47.472
-114.103,47.692,7.463,30.081,952.337,-4.593,-1.256,-114.409,47.609
-111.538,47.692,6.503,30.012,1148.040,-12.393,0.887,-112.365,47.751
-108.974,47.692,6.124,29.995,981.843,-5.337,8.493,-109.330,48.259
-106.410,47.692,9.175,29.925,719.656,-7.978,9.869,-106.942,48.350
-103.846,47.692,4.582,29.864,625.041,-6.668,5.190,-104.291,48.038
-101.282,47.692,1.635,29.849,569.647,8.283,0.705,-100.730,47.739
-98.718,47.692,-0.034,29.949,452.118,4.982,-3.252,-98.386,47.475
-96.154,47.692,-1.975,29.984,336.436,0.000,0.000,-96.154,47.692
-93.590,47.692,-1.984,30.015,411.626,0.000,0.000,-93.590,47.692
-91.026,47.692,-2.799,30.002,290.116,0.000,0.000,-91.026,47.692
-88.462,47.692,-2.969,30.000,218.286,2.219,5.596,-88.314,48.065
-85.897,47.692,-7.603,,224.398,0.424,2.220,-85.869,47.840
-83.333,47.692,-8.579,,217.097,-2.468,4.645,-83.498,48.002
-78.205,47.692,-5.142,,285.494,-8.436,10.054,-78.768,48.363
-75.641,47.692,-3.283,,374.635,-8.285,7.699,-76.193,48.206
-70.513,47.692,-0.710,,441.151,-0.940,-1.133,-70.575,47.617
-67.949,47.692,1.501,,115.188,2.664,-2.909,-67.771,47.498
-65.385,47.692,3.073,,46.948,2.760,-5.050,-65.201,47.356
-62.821,47.692,6.054,,7.861,10.269,-16.274,-62.136,46.607
-60.256,47.692,4.894,,250.934,8.761,-8.570,-59.672,47.121
-57.692,47.692,6.569,,37.720,10.136,-7.682,-57.017,47.180
-55.128,47.692,5.275,,72.680,9.901,-12.796,-54.468,46.839
-137.179,49.231,0.087,30.042,56.196,-3.899,15.421,-137.439,50.259
-134.615,49.231,4.512,30.018,71.245,3.755,4.810,-134.365,49.551
-132.051,49.231,5.901,,58.027,-1.241,-2.404,-132.134,49.071
-129.487,49.231,5.895,,83.629,-15.946,-1.076,-130.550,49.159
-126.923,49.231,4.749,,30.661,1.348,7.053,-126.833,49.701
-124.359,49.231,6.549,,7.359,-10.714,6.887,-125.073,49.690
-121.795,49.231,5.211,,18.991,0.791,0.235,-121.742,49.246
-119.231,49.231,4.287,,319.728,1.146,0.972,-119.154,49.296
-116.667,49.231,4.297,,638.754,2.090,-0.175,-116.527,49.219
-114.103,49.231,-0.194,,1258.077,2.362,0.375,-113.945,49.256
-111.538,49.231,-2.251,,932.288,-0.636,0.891,-111.581,49.290
-108.974,49.231,-2.212,,1007.845,3.497,15.266,-108.741,50.249
-106.410,49.231,0.491,,849.574,-8.892,16.724,-107.003,50.346
-103.846,49.231,-1.957,,613.826,-0.603,-0.698,-103.886,49.184
-101.282,49.231,-1.943,,501.082,3.146,-2.607,-101.072,49.057
-98.718,49.231,-3.716,,436.833,5.886,-6.173,-98.326,48.819
-96.154,49.231,-4.310,,289.849,0.200,0.057,-96.141,49.235
-93.590,49.231,-5.216,,400.217,1.957,0.192,-93.459,49.244
-91.026,49.231,-11.127,,446.378,-1.385,1.305,-91.118,49.318
-88.462,49.231,-10.908,,236.166,-1.183,1.624,-88.540,49.339
-85.897,49.231,-14.541,,258.321,-0.997,1.743,-85.964,49.347
-83.333,49.231,-15.066,,236.745,-5.198,2.970,-83.680,49.429
-75.641,49.231,-6.771,,366.519,-8.723,8.081,-76.223,49.770
-70.513,49.231,,,234.575,1.564,1.498,-70.409,49.331
-67.949,49.231,-0.184,,22.579,4.730,0.270,-67.633,49.249
-65.385,49.231,3.853,,14.863,10.776,3.572,-64.666,49.469
-62.821,49.231,4.598,,15.583,8.530,-18.119,-62.252,48.023
-60.256,49.231,4.453,,5.865,7.067,-9.541,-59.785,48.595
-57.692,49.231,1.902,,29.048,2.709,0.374,-57.512,49.256
-55.128,49.231,2.464,,104.198,5.506,-4.646,-54.761,48.921
-52.564,49.231,4.084,30.104,123.563,-0.929,-7.835,-52.626,48.708
-137.179,50.769,0.647,30.057,58.858,-1.126,11.971,-137.255,51.567
-134.615,50.769,5.291,,55.013,2.262,-0.478,-134.465,50.737
-132.051,50.769,5.426,,38.183,-5.964,-5.675,-132.449,50.391
-129.487,50.769,5.144,,76.684,-12.119,4.138,-130.295,51.045
-126.923,50.769,1.675,,32.552,-2.542,-1.142,-127.093,50.693
-124.359,50.769,0.533,30.327,224.387,-4.030,-1.494,-124.628,50.670
-121.795,50.769,0.478,,718.939,-0.692,-4.121,-121.841,50.494
-119.231,50.769,4.342,,374.008,2.257,6.343,-119.080,51.192
-116.667,50.769,1.121,,969.038,-3.354,0.392,-116.890,50.795
-114.103,50.769,-2.218,,1128.987,5.113,-1.983,-113.762,50.637
-111.538,50.769,-1.851,,735.510,-2.964,-2.487,-111.736,50.603
-108.974,50.769,-2.222,,711.889,-5.427,-1.876,-109.336,50.644
-106.410,50.769,-2.033,,619.720,-7.812,2.647,-106.931,50.946
-103.846,50.769,-0.185,,577.351,-1.383,-2.486,-103.938,50.603
-101.282,50.769,-4.093,,443.062,0.647,-1.870,-101.239,50.645
-98.718,50.769,-7.527,,271.448,4.245,-1.084,-98.435,50.697
-96.154,50.769,-9.466,,239.203,0.028,-2.576,-96.152,50.597
-93.590,50.769,-10.696,,370.627,1.844,-0.402,-93.467,50.742
-91.026,50.769,-13.122,,387.130,-5.048,2.453,-91.362,50.933
-88.462,50.769,-16.220,,282.211,-3.285,4.313,-88.681,51.057
-85.897,50.769,-17.085,,242.174,-6.193,2.727,-86.310,50.951
-83.333,50.769,-15.077,,169.776,-8.059,2.470,-83.871,50.934
-80.769,50.769,-15.455,,61.255,-7.721,0.459,-81.284,50.800
-78.205,50.769,-12.156,,217.770,-9.790,6.315,-78.858,51.190
-75.641,50.769,-8.270,29.420,326.971,-6.090,4.969,-76.047,51.100
-73.077,50.769,-6.780,,413.811,-2.226,3.129,-73.225,50.978
-70.513,50.769,-5.273,,464.462,2.960,-0.378,-70.315,50.744
-67.949,50.769,-3.663,,272.224,3.309,0.201,-67.728,50.783
-65.385,50.769,0.832,,125.838,6.870,-2.036,-64.927,50.634
-62.821,50.769,1.194,29.545,86.541,9.417,-8.076,-62.193,50.231
-60.256,50.769,1.957,,8.897,5.324,-6.964,-59.901,50.305
-57.692,50.769,1.434,,17.389,5.636,-5.660,-57.317,50.392
-55.128,50.769,-0.427,,58.334,0.138,-5.228,-55.119,50.421
-52.564,50.769,2.927,30.056,115.018,-0.313,-6.723,-52.585,50.321
-139.744,52.308,-1.335,30.050,26.012,-3.000,15.207,-139.944,53.322
-137.179,52.308,4.681,,52.000,5.764,1.448,-136.795,52.404
-134.615,52.308,4.816,,35.170,-2.462,-3.749,-134.780,52.058
-132.051,52.308,4.941,,21.119,-11.113,-8.519,-132.792,51.740
-129.487,52.308,2.981,,46.991,-8.720,-3.219,-130.069,52.093
-126.923,52.308,0.441,,158.641,-1.232,-2.059,-127.005,52.170
-124.359,52.308,-2.403,,433.884,-2.586,-2.149,-124.531,52.164
-121.795,52.308,-7.866,,936.719,3.299,-0.859,-121.575,52.250
-119.231,52.308,-4.757,,856.906,1.254,-1.175,-119.147,52.229
-116.667,52.308,-4.342,,1166.981,-2.891,-1.487,-116.859,52.209
-114.103,52.308,-5.072,,913.218,-5.604,-1.465,-114.476,52.210
-111.538,52.308,-5.491,,712.635,-7.367,-1.505,-112.030,52.207
-108.974,52.308,-4.981,,620.247,-8.985,-1.347,-109.573,52.218
-106.410,52.308,-4.827,,492.635,-8.849,-3.141,-107.000,52.098
-103.846,52.308,-2.606,,472.024,-3.739,-5.736,-104.095,51.925
-101.282,52.308,-10.187,,326.703,-2.017,-1.649,-101.417,52.198
-98.718,52.308,-9.151,,247.746,2.653,-1.274,-98.541,52.223
-96.154,52.308,-12.281,,247.835,2.339,-1.139,-95.998,52.232
-93.590,52.308,-18.482,30.005,317.023,1.186,-0.209,-93.511,52.294
-91.026,52.308,-18.505,29.982,336.078,-5.364,0.767,-91.383,52.359
-88.462,52.308,-18.127,29.947,259.718,-6.797,1.710,-88.915,52.422
-85.897,52.308,-17.228,29.893,159.127,-9.237,2.428,-86.513,52.470
-83.333,52.308,-14.815,,69.509,-9.861,2.202,-83.991,52.455
-80.769,52.308,-14.691,,38.996,-7.544,0.399,-81.272,52.334
-78.205,52.308,-13.001,,181.592,-6.733,1.460,-78.654,52.405
-75.641,52.308,-10.323,29.420,285.349,-4.899,1.858,-75.968,52.432
-73.077,52.308,-9.293,,366.088,-2.340,1.322,-73.233,52.396
-70.513,52.308,-7.861,,460.016,1.984,-2.049,-70.381,52.171
-67.949,52.308,-7.250,,526.624,0.837,1.314,-67.893,52.395
-65.385,52.308,-4.726,,360.726,4.981,-1.052,-65.053,52.238
-62.821,52.308,-3.794,29.543,232.043,8.555,-7.455,-62.250,51.811
-60.256,52.308,-2.792,,28.373,1.550,-4.946,-60.153,51.978
-57.692,52.308,-1.053,29.873,28.841,3.160,-7.671,-57.482,51.796
-55.128,52.308,-2.778,29.955,36.765,0.477,-3.514,-55.096,52.073
-52.564,52.308,1.771,30.008,106.473,0.303,-5.611,-52.544,51.934
-142.308,53.846,-3.419,30.028,27.435,-3.544,19.365,-142.544,55.137
-139.744,53.846,4.068,29.914,48.981,9.261,3.376,-139.126,54.071
-137.179,53.846,4.205,,32.157,1.040,-1.824,-137.110,53.725
-134.615,53.846,4.340,,15.326,-7.186,-7.020,-135.094,53.378
-132.051,53.846,1.460,,10.005,-2.570,-5.263,-132.223,53.495
-129.487,53.846,2.105,,104.844,-4.108,-12.562,-129.761,53.009
-126.923,53.846,-2.560,,419.744,1.562,-4.140,-126.819,53.570
-124.359,53.846,-4.839,,653.435,-0.704,-2.634,-124.406,53.671
-121.795,53.846,-1.716,30.132,587.503,-2.649,-3.724,-121.971,53.598
-119.231,53.846,-6.284,,838.716,-4.671,-2.811,-119.542,53.659
-116.667,53.846,-3.015,,886.413,-10.527,-0.428,-117.368,53.818
-114.103,53.846,-1.174,29.966,685.805,-14.461,2.232,-115.067,53.995
-111.538,53.846,-5.238,,660.939,-13.178,-0.368,-112.417,53.822
-108.974,53.846,-3.541,,592.749,-12.755,-1.004,-109.825,53.779
-106.410,53.846,-5.746,,486.843,-8.439,-1.894,-106.973,53.720
-103.846,53.846,-5.843,,363.895,-2.389,-7.794,-104.005,53.327
-101.282,53.846,-11.385,,277.511,5.781,-5.821,-100.897,53.458
-98.718,53.846,-15.066,,219.645,1.902,-0.945,-98.591,53.783
-96.154,53.846,-17.945,,227.207,2.765,-0.057,-95.969,53.842
-93.590,53.846,-22.908,30.021,252.887,-2.361,0.792,-93.747,53.899
-91.026,53.846,-20.640,29.977,236.701,-5.486,2.874,-91.391,54.038
-88.462,53.846,-19.519,29.913,166.622,-9.012,2.852,-89.062,54.036
-85.897,53.846,-17.780,29.828,106.609,-11.110,0.855,-86.638,53.903
-83.333,53.846,-15.408,29.754,20.543,-11.373,1.444,-84.092,53.942
-80.769,53.846,-11.332,29.648,7.492,-6.717,-0.554,-81.217,53.809
-78.205,53.846,-11.840,29.530,140.097,-4.300,-2.091,-78.492,53.707
-75.641,53.846,-11.811,29.425,229.029,-3.754,-0.883,-75.891,53.787
-73.077,53.846,-11.834,29.346,315.379,-3.217,-0.023,-73.291,53.845
-70.513,53.846,-10.435,,407.290,0.350,-2.974,-70.490,53.648
-67.949,53.846,-9.033,,498.726,3.916,-5.907,-67.688,53.452
-65.385,53.846,-8.631,29.374,473.097,6.910,-5.317,-64.924,53.492
-55.128,53.846,-3.935,29.907,28.219,1.093,-2.403,-55.055,53.686
-52.564,53.846,0.615,29.960,97.928,0.919,-4.499,-52.503,53.546
-142.308,55.385,0.204,29.954,36.595,4.380,10.537,-142.016,56.087
-139.744,55.385,3.595,,29.143,4.543,0.102,-139.441,55.391
-132.051,55.385,0.156,30.115,18.604,4.237,-4.149,-131.769,55.108
-129.487,55.385,-2.631,,288.224,-1.999,-13.010,-129.620,54.517
-126.923,55.385,-5.416,30.068,524.415,3.993,-7.360,-126.657,54.894
-124.359,55.385,-7.947,,658.307,1.624,0.248,-124.251,55.401
-121.795,55.385,-3.504,30.032,694.526,-3.300,-5.816,-122.015,54.997
-119.231,55.385,-4.443,,663.070,-10.838,-3.790,-119.953,55.132
-116.667,55.385,-4.082,,617.628,-8.642,-1.311,-117.243,55.297
-114.103,55.385,-3.173,,557.850,-20.037,0.941,-115.438,55.447
-111.538,55.385,-6.315,,497.621,-13.921,2.705,-112.467,55.565
-108.974,55.385,-5.375,,518.349,-16.482,8.532,-110.073,55.953
-106.410,55.385,-8.259,,400.570,-6.383,5.285,-106.836,55.737
-103.846,55.385,-10.931,,357.233,-0.324,-1.402,-103.868,55.291
-101.282,55.385,-15.911,,309.404,6.116,-5.009,-100.874,55.051
-98.718,55.385,-24.617,29.973,229.731,1.862,-1.562,-98.594,55.280
-96.154,55.385,-27.921,,202.321,0.605,-0.658,-96.114,55.341
-93.590,55.385,-22.260,30.015,185.797,-7.700,2.580,-94.103,55.557
-91.026,55.385,-20.640,29.956,149.794,-8.816,5.877,-91.613,55.776
-88.462,55.385,-20.707,29.871,75.045,-12.089,3.475,-89.267,55.616
-85.897,55.385,-18.786,29.776,40.659,-13.193,0.786,-86.777,55.437
-83.333,55.385,-16.456,29.670,35.950,-10.797,2.007,-84.053,55.518
-80.769,55.385,-14.231,29.575,15.036,-8.288,4.281,-81.322,55.670
-78.205,55.385,-7.488,29.455,13.311,-0.539,-3.870,-78.241,55.127
-75.641,55.385,-11.592,29.353,170.526,-3.279,1.681,-75.860,55.497
-73.077,55.385,-12.592,29.371,209.306,-2.611,0.289,-73.251,55.404
-70.513,55.385,-12.543,29.379,255.281,-1.313,-0.122,-70.600,55.376
-67.949,55.385,-11.299,29.343,380.490,2.263,-4.340,-67.798,55.095
-65.385,55.385,,29.350,391.723,2.884,-7.162,-65.192,54.907
-55.128,55.385,-4.602,29.860,27.418,1.762,-2.839,-55.011,55.195
-52.564,55.385,-0.542,29.911,89.382,1.535,-3.387,-52.462,55.159
-144.872,56.923,-3.661,29.994,24.208,-0.501,17.697,-144.905,58.103
-142.308,56.923,2.985,,26.130,8.045,2.027,-141.771,57.058
-134.615,56.923,-0.273,29.998,2.977,0.828,-2.354,-134.560,56.766
-132.051,56.923,-3.285,30.028,160.922,1.311,-3.046,-131.964,56.720
-129.487,56.923,-9.648,,578.262,-0.057,-4.855,-129.491,56.599
-126.923,56.923,-11.537,30.014,550.073,2.019,-4.430,-126.788,56.628
-124.359,56.923,-14.605,,490.300,-1.988,-0.024,-124.491,56.921
-121.795,56.923,-9.759,30.025,592.788,-4.993,-1.881,-122.128,56.798
-119.231,56.923,-6.607,,554.071,-8.263,-3.094,-119.782,56.717
-116.667,56.923,-9.627,,466.612,-10.361,0.350,-117.357,56.946
-114.103,56.923,-6.685,,453.216,-14.931,0.846,-115.098,56.979
-111.538,56.923,-10.312,,364.093,-12.261,2.469,-112.356,57.088
-108.974,56.923,-8.619,,377.982,-11.639,11.400,-109.750,57.683
-106.410,56.923,-13.613,,493.686,1.915,2.852,-106.283,57.113
-103.846,56.923,-15.197,,329.636,3.460,0.284,-103.616,56.942
-101.282,56.923,-20.565,,350.133,5.466,-4.524,-100.918,56.621
-98.718,56.923,-28.515,,249.381,-0.194,-0.339,-98.731,56.900
-96.154,56.923,-29.121,,157.076,-3.229,1.257,-96.369,57.007
-93.590,56.923,-22.052,29.992,104.866,-10.712,5.660,-94.304,57.300
-91.026,56.923,-21.298,29.917,49.888,-12.897,5.544,-91.885,57.293
-88.462,56.923,-21.506,29.829,13.464,-14.810,4.661,-89.449,57.234
-85.897,56.923,-20.111,29.730,37.013,-11.765,2.787,-86.682,57.109
-83.333,56.923,-17.680,29.612,43.949,-9.576,3.216,-83.972,57.138
-80.769,56.923,-15.280,29.492,30.443,-7.711,4.844,-81.283,57.246
-78.205,56.923,-10.912,29.385,18.629,-2.717,2.174,-78.386,57.068
-75.641,56.923,-12.178,29.334,147.349,-1.064,-2.271,-75.712,56.772
-73.077,56.923,-12.933,29.380,130.838,-1.211,-0.724,-73.158,56.875
-70.513,56.923,-13.925,29.426,107.828,-1.897,2.178,-70.639,57.068
-67.949,56.923,-13.252,29.411,195.182,0.590,-0.221,-67.909,56.908
-65.385,56.923,,29.377,230.603,-1.594,-5.112,-65.491,56.582
-55.128,56.923,-5.068,29.814,29.795,2.452,-3.911,-54.965,56.662
-52.564,56.923,-1.698,29.863,80.837,2.152,-2.275,-52.421,56.771
-147.436,58.462,-6.812,30.016,4.058,-4.241,23.368,-147.719,60.019
-144.872,58.462,2.374,,23.117,11.547,3.953,-144.102,58.725
-134.615,58.462,-0.154,,8.584,5.860,1.834,-134.225,58.584
-132.051,58.462,-9.768,,476.290,0.800,-1.255,-131.998,58.378
-129.487,58.462,-15.658,29.883,753.154,0.468,0.557,-129.456,58.499
-126.923,58.462,-17.658,29.960,575.731,0.045,-1.500,-126.920,58.362
-124.359,58.462,-19.356,30.044,455.955,-2.770,0.742,-124.544,58.511
-121.795,58.462,-18.881,,411.205,-5.763,1.864,-122.179,58.586
-119.231,58.462,-16.182,,381.054,-5.286,2.641,-119.583,58.638
-116.667,58.462,-14.023,,348.521,-5.736,3.452,-117.049,58.692
-114.103,58.462,-11.649,,334.992,-7.807,1.994,-114.623,58.594
-111.538,58.462,-9.375,,261.473,-6.965,3.913,-112.003,58.722
-108.974,58.462,-11.773,,326.793,-0.750,7.399,-109.024,58.955
-106.410,58.462,-16.581,,378.672,8.685,1.547,-105.831,58.565
-103.846,58.462,-19.328,,300.417,3.449,1.254,-103.616,58.545
-101.282,58.462,-23.766,,345.952,1.676,-2.260,-101.170,58.311
-98.718,58.462,-30.697,,263.609,-1.738,-0.087,-98.834,58.456
-96.154,58.462,-26.356,,133.308,-7.810,3.977,-96.674,58.727
-93.590,58.462,-21.889,29.962,24.732,-13.704,7.613,-94.503,58.969
-91.026,58.462,-22.206,29.872,18.137,-14.559,7.913,-91.996,58.989
-88.462,58.462,-22.284,29.781,19.761,-13.860,7.367,-89.386,58.953
-85.897,58.462,-21.437,29.684,33.367,-10.337,4.788,-86.587,58.781
-83.333,58.462,-19.013,29.569,47.327,-7.953,4.829,-83.864,58.783
-80.769,58.462,-16.562,29.442,35.932,-6.272,6.272,-81.187,58.880
-78.205,58.462,-14.112,29.315,24.537,-4.591,7.715,-78.511,58.976
-75.641,58.462,-12.282,29.342,75.380,0.874,-4.640,-75.583,58.152
-73.077,58.462,-13.274,29.388,52.370,0.188,-1.738,-73.064,58.346
-70.513,58.462,-14.266,29.435,29.361,-0.498,1.165,-70.546,58.539
-67.949,58.462,,29.466,58.912,-1.351,3.498,-68.039,58.695
-65.385,58.462,,29.439,54.219,-4.411,-1.313,-65.679,58.374
-62.821,58.462,,29.411,49.525,-7.471,-6.123,-63.319,58.053
-52.564,58.462,-2.854,29.815,72.292,2.768,-1.163,-52.380,58.384
-147.436,60.000,-3.649,29.928,30.396,4.049,4.088,-147.166,60.273
-134.615,60.000,-7.645,,364.575,2.999,6.287,-134.415,60.419
-132.051,60.000,-14.959,,695.702,2.356,0.415,-131.894,60.028
-129.487,60.000,-21.032,,699.340,0.436,0.077,-129.458,60.005
-126.923,60.000,-22.364,,569.651,-0.169,0.634,-126.934,60.042
-124.359,60.000,-21.305,,388.060,0.444,1.326,-124.329,60.088
-121.795,60.000,-21.695,30.129,294.472,-6.784,4.941,-122.247,60.329
-119.231,60.000,-18.436,30.082,268.987,-6.638,5.497,-119.673,60.366
-116.667,60.000,-16.579,,233.611,-7.988,2.668,-117.199,60.178
-114.103,60.000,-15.756,,215.926,-5.919,2.400,-114.497,60.160
-111.538,60.000,-15.002,,215.935,-1.336,3.280,-111.628,60.219
-108.974,60.000,-15.461,,312.035,6.866,4.745,-108.517,60.316
-106.410,60.000,-20.018,,263.955,7.098,3.270,-105.937,60.218
-103.846,60.000,-23.529,,279.135,3.469,2.115,-103.615,60.141
-101.282,60.000,-26.967,,341.770,-2.113,0.005,-101.423,60.000
-98.718,60.000,-28.313,,243.477,-6.007,2.375,-99.118,60.158
-96.154,60.000,-24.978,,114.735,-9.637,7.270,-96.796,60.485
-93.590,60.000,-22.950,29.918,20.847,-13.679,11.266,-94.502,60.751
-91.026,60.000,-23.243,29.826,21.823,-14.964,11.688,-92.023,60.779
-88.462,60.000,-23.001,29.732,26.674,-12.591,9.820,-89.301,60.655
-85.897,60.000,-22.520,29.637,33.924,-8.972,6.969,-86.496,60.465
-83.333,60.000,-20.345,29.526,50.704,-6.330,6.441,-83.755,60.429
-80.769,60.000,-17.895,29.399,39.310,-4.649,7.884,-81.079,60.526
-78.205,60.000,-13.973,29.327,20.019,-0.078,-0.612,-78.210,59.959
-75.641,60.000,-12.096,29.343,13.041,1.986,-6.044,-75.509,59.597
-73.077,60.000,-12.179,29.377,17.789,0.806,-3.813,-73.023,59.746
-70.513,60.000,-12.262,29.411,22.536,-0.374,-1.582,-70.538,59.895
-67.949,60.000,-12.317,29.441,68.854,-1.147,0.975,-68.025,60.065
-65.385,60.000,,29.438,197.349,-1.803,1.495,-65.505,60.100
-52.564,60.000,-4.011,29.767,63.747,3.384,-0.051,-52.339,59.997
-147.436,61.538,-14.280,29.913,630.449,-2.665,5.910,-147.614,61.932
-144.872,61.538,-13.313,29.985,276.823,-0.495,2.211,-144.905,61.686
-137.179,61.538,-17.632,,603.186,-4.188,3.785,-137.459,61.791
-134.615,61.538,-14.986,,624.956,-0.540,0.911,-134.651,61.599
-132.051,61.538,-16.857,,552.407,0.431,0.966,-132.023,61.603
-129.487,61.538,-20.699,,517.850,-2.404,1.374,-129.647,61.630
-126.923,61.538,-22.301,,421.897,-0.030,0.884,-126.925,61.597
-121.795,61.538,-21.475,,176.100,-5.177,3.883,-122.140,61.797
-119.231,61.538,-20.014,,167.849,-7.853,4.158,-119.754,61.816
-116.667,61.538,-17.713,,187.657,-7.731,1.747,-117.182,61.655
-114.103,61.538,-16.090,,193.475,-2.695,3.647,-114.282,61.782
-111.538,61.538,-18.400,,285.927,-2.100,3.380,-111.678,61.764
-108.974,61.538,-19.558,,358.203,4.767,4.329,-108.657,61.827
-106.410,61.538,-22.261,,228.948,3.833,6.724,-106.155,61.987
-103.846,61.538,-25.526,,241.673,0.324,2.881,-103.825,61.731
-101.282,61.538,-30.140,,318.577,-4.116,1.155,-101.556,61.615
-98.718,61.538,-28.439,,221.756,-6.840,5.161,-99.174,61.883
-96.154,61.538,-26.078,,96.423,-8.591,10.427,-96.727,62.234
-93.590,61.538,-24.258,29.885,12.507,-10.256,15.623,-94.273,62.580
-91.026,61.538,-24.198,29.778,26.336,-14.940,15.125,-92.022,62.547
-88.462,61.538,-23.718,29.683,33.587,-11.321,12.273,-89.216,62.357
-85.897,61.538,-23.237,29.588,40.837,-7.702,9.422,-86.411,62.167
-83.333,61.538,-21.678,29.483,54.082,-4.707,8.053,-83.647,62.075
-80.769,61.538,-19.075,29.362,41.869,-2.726,8.466,-80.951,62.103
-78.205,61.538,-13.934,29.331,26.015,0.686,-2.764,-78.159,61.354
-75.641,61.538,-10.946,29.323,20.392,0.666,-5.686,-75.597,61.159
-73.077,61.538,-9.994,29.350,16.488,0.831,-6.693,-73.022,61.092
-70.513,61.538,-10.077,29.384,21.235,-0.349,-4.462,-70.536,61.241
-67.949,61.538,-10.131,29.413,70.422,-1.093,-1.882,-68.022,61.413
-65.385,61.538,-10.075,29.427,282.265,-0.245,1.973,-65.401,61.670
-52.564,61.538,-5.167,29.719,55.201,4.000,1.061,-52.297,61.609
-147.436,63.077,-20.936,30.091,663.930,0.200,5.333,-147.423,63.432
-144.872,63.077,-19.757,30.191,450.913,-4.186,2.230,-145.151,63.226
-142.308,63.077,-20.828,30.190,509.857,-5.379,3.841,-142.666,63.333
-139.744,63.077,-23.729,30.183,544.538,-3.508,1.641,-139.977,63.186
-137.179,63.077,-20.203,30.060,580.757,-3.997,-1.862,-137.446,62.953
-134.615,63.077,-18.246,,521.601,-1.374,-2.033,-134.707,62.941
-132.051,63.077,-20.164,,435.327,-1.121,0.962,-132.126,63.141
-129.487,63.077,-20.223,,335.400,-5.442,2.660,-129.850,63.254
-126.923,63.077,-23.469,,278.208,-5.201,2.368,-127.270,63.235
-116.667,63.077,-17.479,,267.527,-0.483,2.297,-116.699,63.230
-114.103,63.077,-18.664,29.993,280.463,1.975,4.013,-113.971,63.344
-111.538,63.077,-21.797,,355.918,-2.864,3.480,-111.729,63.309
-108.974,63.077,-24.168,,384.045,1.597,3.584,-108.868,63.316
-106.410,63.077,-24.471,29.908,198.164,0.549,8.751,-106.374,63.660
-103.846,63.077,-27.513,,204.141,-2.833,3.646,-104.035,63.320
-101.282,63.077,-30.577,,258.449,-7.001,2.870,-101.749,63.268
-98.718,63.077,-28.830,,172.892,-11.290,5.753,-99.471,63.460
-96.154,63.077,-26.634,,52.788,-13.905,10.372,-97.081,63.768
-93.590,63.077,-25.506,29.831,21.669,-15.460,15.479,-94.620,64.109
-91.026,63.077,-24.816,29.729,32.483,-13.850,17.235,-91.949,64.226
-88.462,63.077,-24.434,29.635,40.500,-10.051,14.726,-89.132,64.059
-85.897,63.077,-23.954,29.539,47.750,-6.432,11.875,-86.326,63.869
-83.333,63.077,-23.011,29.440,57.460,-3.084,9.665,-83.539,63.721
-80.769,63.077,-18.972,29.369,44.988,-0.935,4.484,-80.832,63.376
-78.205,63.077,-14.091,29.325,40.786,-1.685,0.662,-78.317,63.121
-75.641,63.077,-10.720,29.310,35.451,-1.852,-2.443,-75.765,62.914
-73.077,63.077,-9.410,29.334,28.566,-1.224,-4.565,-73.159,62.773
-70.513,63.077,-8.101,29.358,21.682,-0.595,-6.688,-70.552,62.631
-67.949,63.077,-7.944,29.386,71.991,-1.040,-4.740,-68.018,62.761
-65.385,63.077,-8.692,29.372,274.662,-8.533,-8.051,-65.953,62.540
-52.564,63.077,-5.699,29.673,56.541,4.683,0.196,-52.252,63.090
-147.436,64.615,-25.534,30.436,189.933,0.108,0.615,-147.429,64.656
-144.872,64.615,-25.790,30.401,320.156,-3.639,-0.829,-145.114,64.560
-142.308,64.615,-24.183,30.383,298.874,-1.362,1.740,-142.398,64.731
-139.744,64.615,-22.965,30.311,326.095,-1.100,1.185,-139.817,64.694
-137.179,64.615,-20.911,30.198,397.053,-3.612,-2.114,-137.420,64.474
-134.615,64.615,-21.715,,405.716,-2.525,-1.924,-134.784,64.487
-132.051,64.615,-23.471,,318.248,-2.672,0.957,-132.229,64.679
-129.487,64.615,-23.530,,218.321,-6.993,2.655,-129.953,64.792
-126.923,64.615,-24.637,,134.520,-10.373,3.851,-127.615,64.872
-116.667,64.615,-20.441,,195.764,-3.547,0.945,-116.903,64.678
-114.103,64.615,-22.713,,340.258,2.264,2.728,-113.952,64.797
-111.538,64.615,-25.081,,429.940,-2.647,3.650,-111.715,64.859
-108.974,64.615,-26.412,,349.038,-1.668,7.038,-109.086,65.085
-106.410,64.615,-26.662,29.922,169.820,-2.745,9.954,-106.593,65.279
-103.846,64.615,-29.500,,166.610,-5.991,4.412,-104.246,64.909
-101.282,64.615,-30.617,,192.548,-9.817,4.828,-101.937,64.937
-98.718,64.615,-28.892,,113.630,-14.021,7.633,-99.653,65.124
-96.154,64.615,-26.969,29.878,15.452,-18.079,10.940,-97.359,65.345
-93.590,64.615,-24.912,29.760,24.769,-16.832,16.738,-94.712,65.731
-91.026,64.615,-23.741,29.672,25.493,-15.834,13.471,-92.081,65.513
-88.462,64.615,-23.730,29.579,36.390,-11.362,12.250,-89.219,65.432
-85.897,64.615,-23.720,29.486,47.287,-6.889,11.029,-86.357,65.351
-83.333,64.615,-23.937,29.401,55.321,-2.725,10.408,-83.515,65.309
-80.769,64.615,-19.450,29.356,51.503,-3.203,6.948,-80.983,65.079
-78.205,64.615,-14.563,29.312,47.454,-3.955,3.143,-78.469,64.825
-75.641,64.615,,29.280,59.555,-2.414,0.098,-75.802,64.622
-73.077,64.615,,29.298,55.729,-1.123,-2.262,-73.152,64.465
-70.513,64.615,,29.317,51.902,0.167,-4.622,-70.502,64.307
-67.949,64.615,,29.358,22.787,0.768,-5.338,-67.897,64.260
-65.385,64.615,-7.876,29.375,177.230,-3.835,-8.241,-65.640,64.066
-147.436,66.154,-30.020,30.460,225.983,-1.080,-0.501,-147.508,66.120
-144.872,66.154,-34.594,30.539,168.146,-0.524,0.106,-144.907,66.161
-142.308,66.154,-27.744,30.479,194.658,-3.032,1.904,-142.510,66.281
-139.744,66.154,-25.842,30.464,193.623,-3.698,1.235,-139.990,66.236
-137.179,66.154,-23.787,30.351,264.581,-6.210,-2.064,-137.594,66.016
-134.615,66.154,-26.053,30.348,279.138,-4.048,-0.868,-134.885,66.096
-132.051,66.154,-26.777,,201.168,-4.224,0.953,-132.333,66.217
-129.487,66.154,-26.837,,101.241,-8.545,2.651,-130.057,66.331
-126.923,66.154,-26.700,30.462,125.074,-9.967,5.484,-127.588,66.519
-116.667,66.154,-22.982,,131.060,-6.602,2.024,-117.107,66.289
-114.103,66.154,-25.319,,227.532,-3.305,1.078,-114.323,66.226
-111.538,66.154,-27.936,,420.547,-4.241,3.909,-111.821,66.414
-108.974,66.154,-28.655,,314.031,-4.933,10.493,-109.303,66.853
-106.410,66.154,-28.852,29.936,141.476,-6.040,11.157,-106.813,66.898
-103.846,66.154,-31.487,,129.079,-9.149,5.177,-104.456,66.499
-101.282,66.154,-30.658,,126.648,-12.632,6.785,-102.124,66.606
-98.718,66.154,-28.954,,54.367,-16.753,9.513,-99.835,66.788
-96.154,66.154,-26.348,29.803,23.166,-17.362,13.871,-97.311,67.079
-93.590,66.154,-23.884,29.686,26.438,-17.299,18.329,-94.743,67.376
-91.026,66.154,-22.750,29.611,20.944,-17.282,10.944,-92.178,66.883
-88.462,66.154,-22.655,29.521,29.400,-13.346,8.486,-89.351,66.720
-85.897,66.154,-22.772,29.433,38.697,-9.046,7.600,-86.501,66.660
-83.333,66.154,-23.683,29.372,38.008,-5.821,8.804,-83.721,66.741
-80.769,66.154,-20.817,29.321,35.130,-5.186,6.746,-81.115,66.604
-73.077,66.154,,29.228,101.903,3.092,-1.435,-72.871,66.058
-70.513,66.154,,29.246,98.076,4.382,-3.795,-70.221,65.901
-67.949,66.154,,29.284,28.043,2.778,-1.963,-67.764,66.023
-65.385,66.154,-7.742,29.374,118.440,4.738,-5.899,-65.069,65.761
-147.436,67.692,-33.836,30.499,230.144,-3.164,-2.755,-147.647,67.509
-144.872,67.692,-36.283,30.564,173.039,-3.818,0.448,-145.126,67.722
-142.308,67.692,-27.672,30.549,123.896,-8.503,1.351,-142.875,67.782
-139.744,67.692,-26.974,30.562,107.491,-10.406,0.570,-140.437,67.730
-137.179,67.692,-26.664,30.504,132.110,-8.809,-2.015,-137.767,67.558
-134.615,67.692,-29.825,30.524,134.977,-5.678,0.113,-134.994,67.700
-132.051,67.692,-30.054,,85.919,-5.807,0.977,-132.438,67.757
-129.487,67.692,-28.587,,80.132,-11.801,4.141,-130.274,67.968
-126.923,67.692,-29.432,30.378,215.003,-6.928,7.158,-127.385,68.169
-116.667,67.692,-25.524,,66.355,-9.658,3.102,-117.311,67.899
-114.103,67.692,-27.589,,84.294,-8.453,0.828,-114.666,67.747
-111.538,67.692,-29.310,,196.074,-8.268,7.385,-112.090,68.185
-108.974,67.692,-30.898,,279.024,-8.198,13.947,-109.521,68.622
-106.410,67.692,-31.043,29.950,113.132,-9.335,12.360,-107.033,68.516
-103.846,67.692,-32.211,,73.142,-12.085,6.716,-104.652,68.140
-101.282,67.692,-30.699,,60.747,-15.448,8.743,-102.312,68.275
-98.718,67.692,-28.691,29.827,26.934,-17.846,11.893,-99.908,68.485
-96.154,67.692,-25.726,29.727,30.881,-16.644,16.802,-97.263,68.812
-93.590,67.692,-22.855,29.612,28.107,-17.767,19.920,-94.774,69.020
-91.026,67.692,-21.870,29.544,19.615,-18.023,10.048,-92.227,68.362
-88.462,67.692,-21.607,29.465,22.073,-15.367,4.792,-89.486,68.012
-85.897,67.692,-22.517,29.403,21.384,-12.142,5.996,-86.707,68.092
-83.333,67.692,-23.428,29.342,20.695,-8.916,7.201,-83.928,68.172
-80.769,67.692,-22.183,29.287,18.757,-7.169,6.544,-81.247,68.129
-70.513,67.692,,29.177,140.086,8.415,-2.704,-69.952,67.512
-67.949,67.692,,29.221,45.471,5.736,0.684,-67.566,67.738
-65.385,67.692,,29.316,10.961,3.451,1.654,-65.155,67.803
-147.436,69.231,-37.653,30.539,234.305,-5.248,-5.008,-147.786,68.897
-144.872,69.231,-36.229,30.518,281.641,-7.972,0.366,-145.403,69.255
-142.308,69.231,-29.017,30.638,41.281,-14.247,0.423,-143.257,69.259
-139.744,69.231,-27.970,30.655,24.979,-17.434,-0.150,-140.906,69.221
-132.051,69.231,-30.416,,72.075,-11.008,3.631,-132.785,69.473
-129.487,69.231,-30.569,30.436,113.008,-12.197,5.457,-130.300,69.595
-126.923,69.231,-30.061,30.375,101.846,-13.179,6.294,-127.802,69.650
-124.359,69.231,-31.142,,220.872,-11.807,3.618,-125.146,69.472
-121.795,69.231,-33.402,,470.782,-8.245,-2.554,-122.345,69.061
-116.667,69.231,-26.682,,46.201,-12.504,6.920,-117.500,69.692
-114.103,69.231,-27.369,,23.665,-10.513,1.757,-114.803,69.348
-111.538,69.231,-29.315,,63.550,-10.498,6.633,-112.238,69.673
-108.974,69.231,-31.747,,127.554,-11.246,15.388,-109.724,70.257
-106.410,69.231,-32.937,,87.233,-11.825,13.145,-107.199,70.107
-103.846,69.231,-32.110,,20.726,-13.397,7.735,-104.739,69.746
-101.282,69.231,-30.425,,24.638,-14.942,8.627,-102.278,69.806
-98.718,69.231,-29.670,,29.531,-16.613,12.550,-99.826,70.067
-96.154,69.231,-26.348,,34.623,-15.527,17.968,-97.189,70.429
-93.590,69.231,-22.097,29.535,23.507,-17.154,20.444,-94.733,70.594
-91.026,69.231,-22.000,29.393,212.506,-20.684,19.568,-92.405,70.535
-88.462,69.231,-22.185,29.323,233.199,-19.770,15.197,-89.780,70.244
-70.513,69.231,,29.173,149.566,7.994,-1.226,-69.980,69.149
-67.949,69.231,,29.252,53.603,3.673,1.836,-67.704,69.353
-65.385,69.231,-13.984,29.222,414.673,0.053,-9.480,-65.381,68.599
-144.872,70.769,-34.861,,19.053,-6.044,-1.779,-145.275,70.651
-142.308,70.769,-32.981,,11.486,-9.915,-0.557,-142.969,70.732
-139.744,70.769,-31.100,,3.918,-13.785,0.664,-140.663,70.814
-121.795,70.769,-30.435,,64.125,-18.251,3.859,-123.012,71.027
-119.231,70.769,-32.026,,221.887,-21.024,-6.648,-120.632,70.326
-116.667,70.769,-28.528,,112.466,-16.617,5.461,-117.774,71.133
-114.103,70.769,-27.465,,37.701,-13.199,7.677,-114.982,71.281
-111.538,70.769,-28.153,,15.165,-11.208,2.513,-112.286,70.937
-108.974,70.769,-30.536,,76.736,-11.879,10.877,-109.766,71.494
-106.410,70.769,-32.344,,81.791,-7.578,10.434,-106.915,71.465
-103.846,70.769,-31.482,,18.171,-9.149,5.282,-104.456,71.121
-101.282,70.769,-30.740,,22.573,-11.240,7.536,-102.031,71.272
-98.718,70.769,-31.195,,27.598,-14.024,11.521,-99.653,71.537
-96.154,70.769,-28.751,,32.674,-13.837,16.606,-97.076,71.876
-93.590,70.769,-24.884,29.516,52.721,-15.929,18.339,-94.652,71.992
-67.949,70.769,-18.940,29.302,137.949,-1.020,-1.013,-68.017,70.702
-132.051,72.308,-33.435,,15.490,-8.536,1.529,-132.620,72.410
-129.487,72.308,-31.554,,7.922,-12.407,2.750,-130.314,72.491
-116.667,72.308,-30.136,,29.484,-16.804,6.424,-117.787,72.736
-114.103,72.308,-31.235,,161.390,-18.882,-1.895,-115.361,72.181
-111.538,72.308,-28.249,,29.200,-13.894,8.433,-112.465,72.870
-108.974,72.308,-29.324,,25.919,-12.512,6.366,-109.809,72.732
-106.410,72.308,-31.597,,70.266,-8.519,10.213,-106.978,72.989
-103.846,72.308,-30.884,,15.632,-4.919,2.873,-104.174,72.499
-101.282,72.308,-31.340,,20.656,-7.703,6.858,-101.796,72.765
-98.718,72.308,-31.795,,25.681,-10.487,10.843,-99.417,73.031
-96.154,72.308,-31.153,,30.725,-12.147,15.244,-96.964,73.324
-93.590,72.308,-28.467,29.512,96.468,-14.991,16.371,-94.589,73.399
-67.949,72.308,-16.612,29.227,145.970,0.491,-0.552,-67.916,72.271
-108.974,73.846,-29.032,,20.700,-14.589,9.190,-109.947,74.459
-106.410,73.846,-30.545,,39.105,-13.894,10.611,-107.337,74.554
-103.846,73.846,-31.484,,13.715,-1.382,2.195,-103.938,73.992
-101.282,73.846,-31.940,,18.739,-4.166,6.180,-101.560,74.258
-98.718,73.846,-32.395,,23.764,-6.950,10.165,-99.181,74.524
-96.154,73.846,-32.851,,28.789,-9.734,14.149,-96.803,74.789
-67.949,73.846,-14.285,29.152,153.991,2.002,-0.092,-67.815,73.840
-103.846,75.385,-29.520,,11.122,-13.882,8.538,-104.772,75.954
-101.282,75.385,-29.047,,18.774,-12.778,8.727,-102.134,75.966
-98.718,75.385,-28.573,,26.426,-11.674,8.917,-99.496,75.979
-96.154,75.385,-28.100,,34.078,-10.570,9.106,-96.859,75.992
-93.590,75.385,-27.627,,41.730,-9.466,9.296,-94.221,76.004
-91.026,75.385,-27.154,,49.383,-8.362,9.486,-91.583,76.017
-88.462,75.385,-26.681,,57.035,-7.258,9.675,-88.945,76.030
-85.897,75.385,-26.208,,64.687,-6.154,9.865,-86.308,76.042
